Mesh,MSE_MinMax,MSE_UnitSphere
branch.obj,2.344578767482732e-06,7.018209352904427e-06
cylinder.obj,2.3898775263100744e-06,7.720690800229603e-06
explosive.obj,3.725702964690105e-07,1.2833398010851314e-06
fence.obj,4.706360665706727e-07,1.0724767110457108e-06
girl.obj,6.162702220649437e-07,1.0818197011629225e-06
person.obj,2.367058123042045e-06,5.362115980475912e-06
table.obj,4.4643383817057465e-07,1.4098536313703447e-06
talwar.obj,3.9203532107250176e-07,1.806031502198038e-06
